age,study_hours,class_attendance,internet_access,sleep_hours,sleep_quality,facility_rating,exam_difficulty,exam_score,gender_female,gender_male,gender_other,course_b.com,course_b.sc,course_b.tech,course_ba,course_bba,course_bca,course_diploma,study_method_coaching,study_method_group study,study_method_mixed,study_method_online videos,study_method_self-study
1.0983322435165275,-0.26395369328259505,-0.30207680612291704,0.4120635266841719,-1.3656355512893519,0.003428277059915582,-0.010291491087789794,0.16597102795965177,54.8,-0.6928013512225368,-0.702939435067051,1.3782133092355697,-0.3939618191808358,-0.39124835686909604,-0.40540066261906815,-0.3993631293583686,-0.4160395155040162,2.365178121447546,-0.42787691681069057,-0.5204446497486138,-0.47729098018320393,-0.484854405431572,1.987187673946562,-0.5136120822974289
